system,residue_name,amino_acid,type,n_frames,n_analogues_per_frame,contacts_vdw_mean,contacts_hbond_mean,contacts_hydrophobic_mean,contacts_pipi_mean,contacts_biopython_mean,cutoff_vdw,cutoff_hbond,cutoff_hydrophobic,cutoff_pipi
sca,SCA,Alanine,aliphatic,100,26,0.24,0.0,0.47,0.0,0,4.0,3.5,4.5,5.0
scc,SCC,Cysteine,polar,100,26,0.64,0.0,0.46,0.0,0,4.0,3.5,4.5,5.0
sccm,SCCM,Cysteine-charged,charged,100,26,0.0,0.0,0.02,0.0,0,4.0,3.5,4.5,5.0
scd,SCD,Aspartate,charged,100,26,0.09,0.0,0.08,0.0,0,4.0,3.5,4.5,5.0
scdn,SCDN,Aspartate-neutral,polar,100,26,0.52,0.19,0.35,0.0,0,4.0,3.5,4.5,5.0
sce,SCE,Glutamate,charged,100,26,0.06,0.0,0.16,0.0,0,4.0,3.5,4.5,5.0
scen,SCEN,Glutamate-neutral,polar,100,26,1.34,0.24,1.19,0.0,0,4.0,3.5,4.5,5.0
scf,SCF,Phenylalanine,aromatic,100,26,2.05,0.0,3.59,0.43,0,4.0,3.5,4.5,5.0
schd,SCHD,Histidine-delta,aromatic,100,26,0.3,0.01,0.35,0.0,0,4.0,3.5,4.5,5.0
sche,SCHE,Histidine-epsilon,aromatic,100,26,0.3,0.01,0.39,0.0,0,4.0,3.5,4.5,5.0
schp,SCHP,Histidine-protonated,charged,100,26,0.06,0.01,0.09,0.0,0,4.0,3.5,4.5,5.0
sci,SCI,Isoleucine,aliphatic,100,26,0.97,0.0,2.42,0.0,0,4.0,3.5,4.5,5.0
sck,SCK,Lysine,charged,100,26,0.07,0.0,0.14,0.0,0,4.0,3.5,4.5,5.0
sckn,SCKN,Lysine-neutral,polar,100,26,0.96,0.07,1.31,0.0,0,4.0,3.5,4.5,5.0
scl,SCL,Leucine,aliphatic,100,26,0.79,0.0,1.57,0.0,0,4.0,3.5,4.5,5.0
scm,SCM,Methionine,aliphatic,100,26,1.95,0.0,3.06,0.0,0,4.0,3.5,4.5,5.0
scn,SCN,Asparagine,polar,100,26,0.21,0.07,0.12,0.0,0,4.0,3.5,4.5,5.0
scp,SCP,Proline,aliphatic,100,26,0.45,0.02,0.61,0.0,0,4.0,3.5,4.5,5.0
scq,SCQ,Glutamine,polar,100,26,0.36,0.1,0.24,0.0,0,4.0,3.5,4.5,5.0
scr,SCR,Arginine,charged,100,26,0.69,0.13,0.62,0.0,0,4.0,3.5,4.5,5.0
scrn,SCRN,Arginine-neutral,polar,100,26,2.8,1.0,2.62,0.0,0,4.0,3.5,4.5,5.0
scs,SCS,Serine,polar,100,26,0.12,0.03,0.12,0.0,0,4.0,3.5,4.5,5.0
sct,SCT,Threonine,polar,100,26,0.17,0.04,0.17,0.0,0,4.0,3.5,4.5,5.0
scv,SCV,Valine,aliphatic,100,26,0.75,0.0,1.74,0.0,0,4.0,3.5,4.5,5.0
scw,SCW,Tryptophan,aromatic,100,26,7.26,0.12,9.29,0.74,0,4.0,3.5,4.5,5.0
scy,SCY,Tyrosine,aromatic,100,26,4.46,0.25,5.41,0.73,0,4.0,3.5,4.5,5.0
scym,SCYM,Tyrosine-methyl,aromatic,100,26,0.19,0.0,0.3,0.08,0,4.0,3.5,4.5,5.0
